{"val loss1": 0.0021303482353687286, "val loss2": 0.0019124412210658193, "val loss": 0.004042789805680513, "val_PSNR": 27.274673461914062, "val_SSIM": 0.5372557044029236, "epoch": 65, "trainer/global_step": 3233, "_timestamp": 1709649055.7524102, "_runtime": 937.243045091629, "_step": 131, "train loss1": 0.002141247969120741, "train loss2": 0.001974348444491625, "train loss": 0.004115596879273653, "_wandb": {"runtime": 945}}