{"val loss1": 0.012811625376343727, "val loss2": 0.012924296781420708, "val loss": 0.025735924020409584, "val_PSNR": 18.887767791748047, "val_SSIM": 0.08759745210409164, "epoch": 5, "trainer/global_step": 245, "_timestamp": 1709716851, "_runtime": 143, "_step": 10, "train loss1": 0.013254093006253242, "train loss2": 0.0184169951826334, "train loss": 0.03167109191417694, "test loss1": 0.012818614020943642, "test loss2": 0.0129014877602458, "test loss": 0.025720102712512016, "test_PSNR": 18.894969940185547, "test_SSIM": 0.08720241487026215, "_wandb": {"runtime": 139}}