{"val loss1": 0.01280682347714901, "val loss2": 0.012811822816729546, "val loss": 0.025618644431233406, "val_PSNR": 18.92582893371582, "val_SSIM": 0.08932365477085114, "epoch": 5, "trainer/global_step": 245, "_timestamp": 1709717778, "_runtime": 145, "_step": 10, "train loss1": 0.013257227838039398, "train loss2": 0.017997149378061295, "train loss": 0.03125438094139099, "test loss1": 0.012813352048397064, "test loss2": 0.01279735378921032, "test loss": 0.025610705837607384, "test_PSNR": 18.930343627929688, "test_SSIM": 0.08893696218729019, "_wandb": {"runtime": 141}}