{"val loss1": 0.001563029712997377, "val loss2": 0.0007691061473451555, "val loss": 0.002332136034965515, "val_PSNR": 31.15289306640625, "val_SSIM": 0.7118668556213379, "epoch": 188, "trainer/global_step": 9212, "_timestamp": 1709708083, "_runtime": 2703, "_step": 376, "train loss1": 0.001660474226810038, "train loss2": 0.0008392880554310977, "train loss": 0.0024997624568641186, "test loss1": 0.0015620279591530561, "test loss2": 0.0007795253768563271, "test loss": 0.002341553336009383, "test_PSNR": 31.097637176513672, "test_SSIM": 0.710910439491272, "_wandb": {"runtime": 2699}}