{"val loss1": 0.0022984917741268873, "val loss2": 0.002290878677740693, "val loss": 0.004589370917528868, "val_PSNR": 26.494001388549805, "val_SSIM": 0.5144534707069397, "epoch": 73, "trainer/global_step": 3618, "_timestamp": 1709703488, "_runtime": 1131, "_step": 146, "train loss1": 0.002425925573334098, "train loss2": 0.002454515080899, "train loss": 0.004880438558757305, "test loss1": 0.002434388268738985, "test loss2": 0.0021805225405842066, "test loss": 0.004614911042153835, "test_PSNR": 26.692508697509766, "test_SSIM": 0.4431404173374176, "_wandb": {"runtime": 1123}}