{"val loss1": 0.002088743494823575, "val loss2": 0.0011477982625365257, "val loss": 0.003236541524529457, "val_PSNR": 29.407825469970703, "val_SSIM": 0.6482700705528259, "epoch": 170, "trainer/global_step": 8378, "_timestamp": 1709695237, "_runtime": 2472, "_step": 341, "train loss1": 0.0021095238626003265, "train loss2": 0.0011452562175691128, "train loss": 0.0032547798473387957, "_wandb": {"runtime": 2478}}