step,train_loss1,epoch,train_loss2,train_loss
0,0.29236844182014465,0,0.2600811719894409,0.5524495840072632
1,0.28520667552948,1,0.2797802686691284,0.5649869441986084
2,0.2778431177139282,2,0.27586501836776733,0.5537081360816956
3,0.26989996433258057,3,0.2874428629875183,0.5573428273200989
4,0.26101580262184143,4,0.289040744304657,0.5500565767288208
