{"val_loss1": 0.0018231089925393462, "val_loss2": 0.0005700726760551333, "val_loss": 0.002393181901425123, "val_PSNR": 32.455631256103516, "val_SSIM": 0.9874315857887268, "epoch": 300, "trainer/global_step": 14700, "_timestamp": 1709805841, "_runtime": 4406, "_step": 600, "train_loss1": 0.0018073159735649824, "train_loss2": 0.0005665249773301184, "train_loss": 0.002373841591179371, "test_loss1": 0.001835302566178143, "test_loss2": 0.0005765095120295882, "test_loss": 0.0024118120782077312, "test_PSNR": 32.4078254699707, "test_SSIM": 0.987326443195343, "_wandb": {"runtime": 4402}}