{"val loss1": 0.012814040295779705, "val loss2": 0.012727905996143818, "val loss": 0.025541948154568672, "val_PSNR": 18.954191207885742, "val_SSIM": 0.09115990251302719, "epoch": 5, "trainer/global_step": 245, "_timestamp": 1709717468, "_runtime": 146, "_step": 10, "train loss1": 0.013260621577501297, "train loss2": 0.017526160925626755, "train loss": 0.030786775052547455, "test loss1": 0.012820919044315815, "test loss2": 0.012722686864435673, "test loss": 0.025543605908751488, "test_PSNR": 18.955623626708984, "test_SSIM": 0.09078805893659592, "_wandb": {"runtime": 141}}