val_loss1,val_loss2,val_PSNR,val_SSIM,epoch,step,val_loss,train_loss2,train_loss1,train_loss,test_loss1,test_PSNR,test_SSIM,test_loss,test_loss2
0.054473504424095154,0.14540745317935944,8.375783920288086,0.213531032204628,0,97,0.19988097250461578,,,,,,,,
,,,,0,97,,0.17453522980213165,0.21513117849826813,0.389666348695755,,,,,
0.014113087207078934,0.02676873654127121,15.806086540222168,0.5421493649482727,1,195,0.040881820023059845,,,,,,,,
,,,,1,195,,0.06494754552841187,0.02825278975069523,0.09320030361413956,,,,,
0.012503747828304768,0.00866585411131382,20.624858856201172,0.8256966471672058,2,293,0.021169602870941162,,,,,,,,
,,,,2,293,,0.013667838647961617,0.012967840768396854,0.026635684072971344,,,,,
,,,,3,294,,,,,0.012518037110567093,20.638166427612305,0.826371431350708,0.021156005561351776,0.008637969382107258
