{"val loss1": 0.002215856220573187, "val loss2": 0.0007345334743149579, "val loss": 0.002950389636680484, "val_PSNR": 31.349332809448242, "val_SSIM": 0.725589394569397, "epoch": 147, "trainer/global_step": 7225, "_timestamp": 1709715807, "_runtime": 2140, "_step": 294, "train loss1": 0.0022127788979560137, "train loss2": 0.0007461727363988757, "train loss": 0.002958951285108924, "test loss1": 0.0022307937033474445, "test loss2": 0.0007686427561566234, "test loss": 0.002999436343088746, "test_PSNR": 31.158855438232422, "test_SSIM": 0.6773810386657715, "_wandb": {"runtime": 2136}}