{"val loss1": 0.01280913595110178, "val loss2": 0.013155942782759666, "val loss": 0.02596507966518402, "val_PSNR": 18.810651779174805, "val_SSIM": 0.0891290232539177, "epoch": 5, "trainer/global_step": 245, "_timestamp": 1709718032, "_runtime": 150, "_step": 10, "train loss1": 0.013252472504973412, "train loss2": 0.018335551023483276, "train loss": 0.03158802539110184, "test loss1": 0.012815935537219048, "test loss2": 0.01314384676516056, "test loss": 0.02595978043973446, "test_PSNR": 18.814266204833984, "test_SSIM": 0.08861953020095825, "_wandb": {"runtime": 141}}