{"val loss1": 0.0018775807693600655, "val loss2": 0.0010930419666692615, "val loss": 0.002970622619614005, "val_PSNR": 29.62281608581543, "val_SSIM": 0.653237521648407, "epoch": 134, "trainer/global_step": 6576, "_timestamp": 1709712543, "_runtime": 1955, "_step": 268, "train loss1": 0.0019200232345610857, "train loss2": 0.001060018315911293, "train loss": 0.0029800417833030224, "test loss1": 0.0018814975628629327, "test loss2": 0.0010242786956951022, "test loss": 0.0029057764913886786, "test_PSNR": 29.902484893798828, "test_SSIM": 0.6518731117248535, "_wandb": {"runtime": 1950}}